tx_hash,time,value_btc,n_inputs,n_outputs,fee_btc,from,to,is_error
0xbb7d30cb2a9315ccd5974e1fc4d8ab49b986dd4b1a6c1592357515f3c0fff2b1,2025-12-03 20:35:47,0.0,1,1,6.95296685886e-07,0x3f04a5a984406312b455d8c8a27b0a74f6de7ae1,0x9f8f72aa9304c8b593d555f12ef6589cc3a579a2,0
0x2f5ca16aaeb213acb474cd69c053a9e8c98e33a4ae72ffae427355dcdd8ffd99,2025-12-03 20:34:35,0.0,1,1,7.43316696408e-07,0x3f04a5a984406312b455d8c8a27b0a74f6de7ae1,0x9f8f72aa9304c8b593d555f12ef6589cc3a579a2,0
0xa400e958e1b12ac78240261f2c4b2356dd4fcd0b5e2226dab5d7c4b90977d45a,2025-12-03 18:05:11,0.0,1,1,3.35856219523e-05,0x1fb4d0d07c519540e2c790d6a70c92ae151c143b,0x9f8f72aa9304c8b593d555f12ef6589cc3a579a2,0
0xb89b66eb9fd0af8ad953edbb00723c84e0d47eeaf9582c6a4c48406907c7dfa7,2025-12-03 18:02:59,0.0,1,1,9.799570478705e-05,0x1accb31296ac0a8fd3e408e3b29cd5677037e3d0,0x9f8f72aa9304c8b593d555f12ef6589cc3a579a2,0
0xe82b67442e884b7a2844ba57fc1acde5e3b7b0573dd29272e20144793cf7036b,2025-12-03 17:50:35,0.0,1,1,9.766858874244e-05,0x4e6203442764866862b2b91261844518c07167f6,0x9f8f72aa9304c8b593d555f12ef6589cc3a579a2,0
0x39e553a51536a5f5e68996343afa459395b7a27edbb77aa61dc225a6e2296cac,2025-12-03 17:13:11,0.0,1,1,9.67543966046e-07,0x71e75571f93c18c89cbce99de02c282f1ec84061,0x9f8f72aa9304c8b593d555f12ef6589cc3a579a2,0
0xf66a6f0c881d5c9891e0c38b8a0b9b091decff4304a35ad9a12253371e57c454,2025-12-03 17:08:35,0.0,1,1,2.851649820712e-06,0x71e75571f93c18c89cbce99de02c282f1ec84061,0x9f8f72aa9304c8b593d555f12ef6589cc3a579a2,0
0x811d01d04176a235d2f96f84d491cffe79c6c0a1e7813b83ce11b5b42eb723d5,2025-12-03 16:53:59,0.0,1,1,6.06107375e-07,0xfa4224232764b9a0d103ba516cd879be279353bd,0x9f8f72aa9304c8b593d555f12ef6589cc3a579a2,1
0xaf5824932c26859f52e87c436269abcadb085a4f3623c518d127145653da8895,2025-12-03 16:18:11,0.0,1,1,2.35500749364e-06,0x6b73e57c704d0415290499226d2afa1789b64219,0x9f8f72aa9304c8b593d555f12ef6589cc3a579a2,0
0xfd4267b200cfa2ac1c862351790c1bd9bb4f9d2172d51192ef31ab6fa16360f6,2025-12-03 16:18:11,0.0,1,1,1.381756902696e-06,0x6b73e57c704d0415290499226d2afa1789b64219,0x9f8f72aa9304c8b593d555f12ef6589cc3a579a2,0
0xcde3c2e366c66f91b66e57e739f34b2f11229181798a31341a8e0b86fdb743af,2025-12-03 15:03:47,0.0,1,1,1.206051384475e-06,0x3602156acef5019bf0198c4309223ebc15682430,0x9f8f72aa9304c8b593d555f12ef6589cc3a579a2,1
0xe3f7346baf32f2915a9f524de79cc97efa4e506b9c586512cdf1490dbda178fc,2025-12-03 15:03:23,0.0,1,1,2.008856356388e-06,0x3602156acef5019bf0198c4309223ebc15682430,0x9f8f72aa9304c8b593d555f12ef6589cc3a579a2,0
0xb8bbc74a810dfd86bb332718deb065edec4106db0afa4e4a970b916c752e4fa0,2025-12-03 14:32:11,0.0,1,1,2.03803048797e-06,0x6b73e57c704d0415290499226d2afa1789b64219,0x9f8f72aa9304c8b593d555f12ef6589cc3a579a2,0
0x6a765b36f4fc13b3ec2051038ff5278d19187eb9e2b979655d3c4dec55e40fdb,2025-12-03 14:32:11,0.0,1,1,1.195776532458e-06,0x6b73e57c704d0415290499226d2afa1789b64219,0x9f8f72aa9304c8b593d555f12ef6589cc3a579a2,0
0x40395f61375776bcf70d6176d45747f841e2689ddb4c1ae2ffad98a41293746b,2025-12-03 14:21:11,0.0,1,1,2.22833682165e-06,0x86dbcd01fa47682988b8a085843afb5c711799aa,0x9f8f72aa9304c8b593d555f12ef6589cc3a579a2,0
0x4b9bf4e208c0dcfefc9605800037df4f6734e1fb7b611ddca71c4da4ba84045d,2025-12-03 14:21:11,0.0,1,1,1.30743523881e-06,0x86dbcd01fa47682988b8a085843afb5c711799aa,0x9f8f72aa9304c8b593d555f12ef6589cc3a579a2,0
0x57c268a80b8ed41bb21aeb31849bb546a9cdd67cbc4264e097b09536de7ffbea,2025-12-03 14:07:59,0.0,1,1,1.1896215773582e-05,0x2839d42872e8242f892e75b74d5c78bbc80f1c0c,0x9f8f72aa9304c8b593d555f12ef6589cc3a579a2,0
0xf820e3fefc1d11a5ec7845cad725476cb4ef379512393d1ca6fe7a82ceb309ab,2025-12-03 13:59:47,0.0,1,1,5.0350330315332e-05,0x6ed2af9b0aecefa2bb413a30e7b2d8e531ced412,0x9f8f72aa9304c8b593d555f12ef6589cc3a579a2,0
0x327892270c6633c52b3c7bb5453db91ebff4b14f7e4cccf9e5338a29c275b324,2025-12-03 13:54:47,0.0,1,1,5.244468731882e-06,0x26fceb032d9b23d55fae1757468f8a8244dace83,0x9f8f72aa9304c8b593d555f12ef6589cc3a579a2,0
0xbde390687f063273c211bf9f17b927a6d18df2a2519ac5f185583dc2a4ae2bac,2025-12-03 13:53:23,0.0,1,1,1.214268396732e-06,0x47c25b6cd1653fd3ecd95ac77b29e3be7b4026bd,0x9f8f72aa9304c8b593d555f12ef6589cc3a579a2,0
0xb62ae24730062d5f0520fc81599a15040582af3994e0bb61ecef377b4bf45759,2025-12-03 13:52:23,0.0,1,1,2.084414908594e-06,0x5b372053d0e1e777bd8833b72440612ab8ddbdb8,0x9f8f72aa9304c8b593d555f12ef6589cc3a579a2,0
0x4d1067875d24fd4aace1c21218c455e07087873ee60df84da6a4de3fe670c064,2025-12-03 13:50:47,0.0,1,1,4.9882173897419e-05,0xbd633ac1273488b44cf893bedeca08c1b92d9e76,0x9f8f72aa9304c8b593d555f12ef6589cc3a579a2,0
0x50ac4bea9099d72b26153178a00333c3c166e36f3e7ad9ab7aca354fb44b9ebc,2025-12-03 13:49:35,0.0,1,1,5.522621055077e-06,0x2fbb0c60a41cb7ea5323071624dcead3d213d0fa,0x9f8f72aa9304c8b593d555f12ef6589cc3a579a2,0
0xbf8db0df01d59c2ccc0c26ef29433aad9a5f658edc4cbf040fbf1357f18bcde4,2025-12-03 13:43:59,0.0,1,1,3.630886090167e-06,0xbf8dd246afe903a32bfb7570b94c2b1819c0a76d,0x9f8f72aa9304c8b593d555f12ef6589cc3a579a2,0
0x5689c4526e1a003f29fe7f552d8b332db3dc32d9d9ed218982ef19b3e8f93f7a,2025-12-03 13:43:23,0.0,1,1,5.877593784117e-06,0xbf8dd246afe903a32bfb7570b94c2b1819c0a76d,0x9f8f72aa9304c8b593d555f12ef6589cc3a579a2,0
0xcbf3856c8c5870725913b99af3869e561d56db60e095721423d99515a5b5ddc3,2025-12-03 13:35:35,0.0,1,1,2.064135989266e-06,0x5b372053d0e1e777bd8833b72440612ab8ddbdb8,0x9f8f72aa9304c8b593d555f12ef6589cc3a579a2,0
0xd0de1887f41abad44e773dd37eac0ff0d2bc34c05d4db6e5c63d7de7251ea1c6,2025-12-03 13:25:23,0.0,1,1,1.097303873302e-06,0x386a77850db668ddc64b8a2736aa60da54b460c8,0x9f8f72aa9304c8b593d555f12ef6589cc3a579a2,0
0x50c5117c6a2bcadd869a1bf4fce46b7bcd40332f07b534f2383d51c1b74cc5eb,2025-12-03 13:18:23,0.0,1,1,1.71718159277e-06,0x3b6e287d4895699a220fe1e0bf32f38f49c7a8bf,0x9f8f72aa9304c8b593d555f12ef6589cc3a579a2,0
0xebc5305166e04facf7e7fdc37c57bd076d6ac63187f1e407492356d614d7156c,2025-12-03 13:18:23,0.0,1,1,1.00802440473e-06,0x3b6e287d4895699a220fe1e0bf32f38f49c7a8bf,0x9f8f72aa9304c8b593d555f12ef6589cc3a579a2,0
0x82fd7eb4ba555b117971c343d0cac2acf70ad21e04db68163ffff32ab5b29f3c,2025-12-03 13:03:35,0.0,1,1,3.373406040875e-06,0x1f2d75541d2f659e0fb703efe2d45af89e263afa,0x9f8f72aa9304c8b593d555f12ef6589cc3a579a2,0
0x279a17f3d475af87d2bfba6e0bc7e4bf546fc03d1da8b9f1665b592bede3982d,2025-12-03 13:03:35,0.0,1,1,1.979774338875e-06,0x1f2d75541d2f659e0fb703efe2d45af89e263afa,0x9f8f72aa9304c8b593d555f12ef6589cc3a579a2,0
0x08430dd17faa28f32dce799db784a5948bbe284edf0833ab9b2bca3557e51426,2025-12-03 12:16:59,0.0,1,1,2.78025571058e-06,0x55262ce1b105277cfa62cfe22d52a90fb18b6dba,0x9f8f72aa9304c8b593d555f12ef6589cc3a579a2,0
0x18790b8c48af462c7a34348b65a57b185d66c6178c13639becfb4f8a749bea23,2025-12-03 12:16:59,0.0,1,1,1.631263395012e-06,0x55262ce1b105277cfa62cfe22d52a90fb18b6dba,0x9f8f72aa9304c8b593d555f12ef6589cc3a579a2,0
0x353b7ba618dff477aafa40f49df581fa3dd6de03d2f02eb2a6c2d6bb57b6a816,2025-12-03 12:10:59,0.0,1,1,2.20535104355e-06,0x2a9c54e99d0fb519023e239c89dbfdb514a5b88f,0x9f8f72aa9304c8b593d555f12ef6589cc3a579a2,0
0x9afa3dac645a8063a5e6a75e8c305ec4bf54930ec1b7bbfb6030b6bec56aa622,2025-12-03 10:54:59,0.0,1,1,1.35879757e-05,0xec5f2efa1a13c81179ddb0f0d4385e99e275994b,0x9f8f72aa9304c8b593d555f12ef6589cc3a579a2,0
0x4f0ab58729bf73504bddb1604dbd9d1087a8f6f9a2ba7f64e6e34c6523c2cd86,2025-12-03 10:51:35,0.0,1,1,3.34509052225e-06,0x5797f722b1fee36e3d2c3481d938d1372bcd99a7,0x9f8f72aa9304c8b593d555f12ef6589cc3a579a2,0
0x699c09f3b04801bf6a2a8682e65aae69a8fdf88e0ffb2cbc4960d3b96502673e,2025-12-03 10:49:35,0.0,1,1,3.497949367128e-06,0x2733227f999e642121bfe26d1b36fe1615d266d9,0x9f8f72aa9304c8b593d555f12ef6589cc3a579a2,0
0xbbaf58b608adda5117e708d3f9192ace75660ebd5c82bd01caaa6644c41c805f,2025-12-03 10:41:11,0.0,1,1,4.73425028635e-06,0x65ec76a91f2394b6f7784c40c47effc8ba85f32b,0x9f8f72aa9304c8b593d555f12ef6589cc3a579a2,0
0x3135a5e61a9e9482756a359bb2517eae8059f81b78d8661a88bce7e94cbe2a23,2025-12-03 10:35:59,0.0,1,1,3.80288178203e-06,0xedd91797204d3537fbabde0e0e42aae99975f2bb,0x9f8f72aa9304c8b593d555f12ef6589cc3a579a2,0
0x54a5ffc372a0968708fc33ae42883bc3b340aad7776b26342df25b836c4b42e4,2025-12-03 09:57:11,0.0,1,1,0.00010543432145181,0xaa8b9396d8248bafbd5fc3b7c992f4c7f051638f,0x9f8f72aa9304c8b593d555f12ef6589cc3a579a2,0
0xfab8f2527dc2551e39ef7bf00e55b01dd9db5dc3666c9683762c843e8161b9d2,2025-12-03 09:50:47,0.0,1,1,0.00024769,0x2eaf0bdbc6679c489d760d97d5a4d11878ed282c,0x9f8f72aa9304c8b593d555f12ef6589cc3a579a2,0
0x6affac4c730fbbddc019ce41947b67695bc3e8b00f02aa51027f5c27d8fbac69,2025-12-03 08:40:11,0.0,1,1,8.92844238495e-07,0x382ce366e667d0db2799625e9cba1e36fb18018f,0x9f8f72aa9304c8b593d555f12ef6589cc3a579a2,0
0x6ae00f55af7963ff972a09f1d0adad1eb68a28f044976b88e0353dad2ef1d3d6,2025-12-03 08:03:47,0.0,1,1,1.935417967348e-06,0x7f604d597c15b2e2f60dc645844f68b1d781b752,0x9f8f72aa9304c8b593d555f12ef6589cc3a579a2,0
0x372c24443e56518977b81c770f8c2a3f81227bfbb955e498c83b31d8cd8c819c,2025-12-03 05:34:59,0.0,1,1,2.0025863277317e-05,0xb0010ab3689b80177ff49773f1428ac9a0eddfa0,0x9f8f72aa9304c8b593d555f12ef6589cc3a579a2,0
0xfeb237c1bd9513cb569d909f28fca4880f9a444d3ebf2892729d33e0c3972342,2025-12-03 05:24:35,0.0,1,1,1.9872283483488e-05,0x49d1ca1ec026e8d5a31a41255bf38ec6421a5fcb,0x9f8f72aa9304c8b593d555f12ef6589cc3a579a2,0
0xd71b2389a681c05c48ebbc272b41bbd4010dc88ad25e88c9de29f56949bb86c4,2025-12-03 05:16:59,0.0,1,1,3.724505099924e-06,0x64b152ea5056b0aebc769c1ba9238f1a2584050e,0x9f8f72aa9304c8b593d555f12ef6589cc3a579a2,0
0x98e7fbd3642274b2ac0c5d30b20d55444d787e6d0390d8ff474bc5029983b21b,2025-12-03 05:05:11,0.0,1,1,3.348754503985e-05,0x4d905c1f3507a2efff65e3bb821866f190896d42,0x9f8f72aa9304c8b593d555f12ef6589cc3a579a2,0
0x4aabeb7c4afa39e02ed89d715fdc63916b12ab61420e0a35813674d6cadb09d3,2025-12-03 05:04:11,0.0,1,1,3.34785531124e-05,0x0f75b3d15b7f460b683f9ca33b516d9f6c33adcf,0x9f8f72aa9304c8b593d555f12ef6589cc3a579a2,0
0xa9a26bd7d15e470f5dc3f8bc2a2c1fd140d8c2ac69f0023797172a90458b1c63,2025-12-03 05:04:11,0.0,1,1,3.34785531124e-05,0xaf78a55862e8041938e5a3c43791205a4662bfd4,0x9f8f72aa9304c8b593d555f12ef6589cc3a579a2,0
0x308461491ef42557d0e9a8964e56c155e928e7db894a30aac2c69aacc07bfb47,2025-12-03 04:31:59,0.0,1,1,6.615295230739e-06,0x602f3affcdd14f8e9314ad6b53fc6bb2bc2d2031,0x9f8f72aa9304c8b593d555f12ef6589cc3a579a2,0
0x7bb2de99134dea0eee2171d945bf31e2b2505840a46d911731aa88ab4d7c78fe,2025-12-03 03:40:47,0.0,1,1,2.6111246287386e-05,0x0616302b63596cd0155c8c6fd2ce98e8f9881967,0x9f8f72aa9304c8b593d555f12ef6589cc3a579a2,0
0xd80d98ab40ee3a070c93be63f1678c9c0734b07aa012010c3bc2faffd7a7309d,2025-12-03 02:47:47,0.0,1,1,1.46864772862e-06,0x1dd123d7d927401572982eb2a14718e5726bb16d,0x9f8f72aa9304c8b593d555f12ef6589cc3a579a2,0
0x482f07f610509567c9d954d4aa3b3726c2036ec89418e03b7bb9937a803bec64,2025-12-03 02:24:35,0.0,1,1,0.000100729424228206,0xcbc46618b9d856dca814c17286cd8ad3122a248e,0x9f8f72aa9304c8b593d555f12ef6589cc3a579a2,0
0x3594e372faf25d1db11647932d1640a1de57809de7f5cb79fd48ad0bdfa118cf,2025-12-03 01:29:11,0.0,1,1,2.331853384125e-06,0x8b2f346d7c435e1bfaa41d155cd230e30c96cb88,0x9f8f72aa9304c8b593d555f12ef6589cc3a579a2,0
0x99509d71711f657ecc17d05d6ca25375546824eeb7868fcc75a64dfb48d14693,2025-12-03 01:29:11,0.0,1,1,1.368171659025e-06,0x8b2f346d7c435e1bfaa41d155cd230e30c96cb88,0x9f8f72aa9304c8b593d555f12ef6589cc3a579a2,0
0xdca3a7adf5b9050d1db499e0d2bcf442238c88536d7d5cb68fe0b2a816f54a7d,2025-12-03 01:03:11,0.0,1,1,3.34871525571e-05,0xcbf8891da462178ec2505fbbd4981ee0823547b2,0x9f8f72aa9304c8b593d555f12ef6589cc3a579a2,0
0x8612d240874724e8f19d5e2b9c948bae37d7766196aca8e077093c0307bad262,2025-12-03 01:03:11,0.0,1,1,3.34871525571e-05,0xba304f8e27676d670a9046d5d25dc1eac32b9e5e,0x9f8f72aa9304c8b593d555f12ef6589cc3a579a2,0
0x24da5a1c1d9fe185adbbc04e7fc70ee0b65ef4206d020d58009b089a096ed1d3,2025-12-03 01:03:11,0.0,1,1,3.3499536095796e-05,0xe6b2c7a320c6e74b0fde701d4643cd2b2c858fab,0x9f8f72aa9304c8b593d555f12ef6589cc3a579a2,0
0x8f96375465f4a88e8ec01630a4ec5132a246093efb990b11828eda9ea7d593db,2025-12-03 01:02:23,0.0,1,1,4.82337438287e-06,0x7f604d597c15b2e2f60dc645844f68b1d781b752,0x9f8f72aa9304c8b593d555f12ef6589cc3a579a2,0
0xda1147c9163a490491a557f88a3252033681abc7b75a0d4c73b852abe9c4a0c2,2025-12-02 23:53:47,0.0,1,1,2.5834680315601e-05,0xa4b2c652b4052729ab35f6a6ffc0c22bad7bdba8,0x9f8f72aa9304c8b593d555f12ef6589cc3a579a2,0
0xb8d463e71192fe498080a5ee788e498262c83cbe57fac6e8461c49f5642d6aaf,2025-12-02 23:47:59,0.0,1,1,2.5707308226104e-05,0xbcd8fc34307cc53755b6082c41b6ba643fbc6f99,0x9f8f72aa9304c8b593d555f12ef6589cc3a579a2,0
0xec3be3624a040fe75361bfbdc563dce484bc21b474053ebdc4ab8f03491396e1,2025-12-02 23:22:23,0.0,1,1,1.155552064073e-06,0x19846243f710d80151db123a87e3c43d8f69446c,0x9f8f72aa9304c8b593d555f12ef6589cc3a579a2,0
0xd571479408ccf0e69ceccb319c301ba6d077b4901c4ccae6328c1706887574da,2025-12-02 23:20:59,0.0,1,1,2.5674703858648e-05,0x17ebee050c312567ad0038c0a703779401cb0fe0,0x9f8f72aa9304c8b593d555f12ef6589cc3a579a2,0
0xd7692a160da159517fde8a87e4b675824a0ec40f4cf9861911fdf6ecdf7b6cc4,2025-12-02 22:43:23,0.0,1,1,2.5762871003844e-05,0x32791bbc7ddc9d0e6bd914f3b7f73747132a3a5b,0x9f8f72aa9304c8b593d555f12ef6589cc3a579a2,0
0x3db08db9b61023524a9b3315260682a606f392851fb732bec89d4b308b843d60,2025-12-02 21:56:35,0.0,1,1,2.5786880112287e-05,0xd552ce0f4e6ad46545df371c9b004e6a934e154d,0x9f8f72aa9304c8b593d555f12ef6589cc3a579a2,0
0x955224695f25fca1efba9a29e182ab4c6440f1e6b5893d9532af9226bef90c63,2025-12-02 20:31:11,0.0,1,1,1.972469829484e-06,0xbe9dd94a74ad025b9a2d494e1de1485bc85557b1,0x9f8f72aa9304c8b593d555f12ef6589cc3a579a2,0
0x5320f37f577c990d0b2e166a0b8efca7021a990d7978d25032c89a8af6e7672c,2025-12-02 20:10:11,0.0,1,1,1.4058475041941e-05,0x5a7ca6697a07f74bde6e719be55dedca00127f27,0x9f8f72aa9304c8b593d555f12ef6589cc3a579a2,0
0x39e3b5c01e4010b99801ae6b01307e2eb750abfbd6a7c44903499d045a7c4fa1,2025-12-02 19:50:23,0.0,1,1,3.51232456025e-06,0x5cabaf56d148e857100a530f0cc9bb01421b7e91,0x9f8f72aa9304c8b593d555f12ef6589cc3a579a2,0
0x9911975970f5912efa44064dccb972f3f8ef747bde26bb0139b5d1f95c267dd2,2025-12-02 19:48:35,0.0,1,1,5.11451502251e-06,0x5cabaf56d148e857100a530f0cc9bb01421b7e91,0x9f8f72aa9304c8b593d555f12ef6589cc3a579a2,0
0xe53c6569815b1b62537e7ecb453cbd751404582e21d46e24fd53494fbfb5169e,2025-12-02 19:08:11,0.0,1,1,3.351154609825e-05,0x68595c800c930b3b311916e29a697bdc2459b3e4,0x9f8f72aa9304c8b593d555f12ef6589cc3a579a2,0
0x6342a870a9252c4c9e54c9857eb515a9497524dccabf9247e44a2ef8b89f4974,2025-12-02 19:03:11,0.0,1,1,3.3576991336732e-05,0xe6b2c7a320c6e74b0fde701d4643cd2b2c858fab,0x9f8f72aa9304c8b593d555f12ef6589cc3a579a2,0
0x0700ffabbc2d50d16899887e94795f120520639610e94b2a30c88dc97cc8a80a,2025-12-02 19:00:11,0.0,1,1,7.415412994e-06,0x3a195af608dcf1df45951d58573b781a59ea944c,0x9f8f72aa9304c8b593d555f12ef6589cc3a579a2,0
0xdc85cc7d07044fc1c507b86acbb0badf88c7d900ab31e51fc3df01b301d53712,2025-12-02 18:32:11,0.0,1,1,0.0001087,0x72005e9c1f367f55e45cd4bce7a0a362303e2b3b,0x9f8f72aa9304c8b593d555f12ef6589cc3a579a2,0
0x184f9d36dcd4250bb667abb1c056ea0e09c614b8e6cd39a6ce136c92ccb68154,2025-12-02 17:42:47,0.0,1,1,3.339059659788e-06,0x7a16dad311bc36cce07911398a976359ba9cc72f,0x9f8f72aa9304c8b593d555f12ef6589cc3a579a2,0
0x8f9362f10d6d8df0bd55cba34d07d1b1d3aba1cb616e18cac8078a27a959e4ec,2025-12-02 17:38:35,0.0,1,1,5.617243827505e-05,0xb3e17c65326f9c390696c65b9003bec0b1441826,0x9f8f72aa9304c8b593d555f12ef6589cc3a579a2,0
0x387166e43c3aecb5497398805f78cc8f43058118fa25367c72148c10b6915fda,2025-12-02 17:36:47,0.0,1,1,9.8192347000409e-05,0x8a2d1a1a4b4778b676e495eec4416c1168285925,0x9f8f72aa9304c8b593d555f12ef6589cc3a579a2,0
0x9cdf836b9beaa631412e7772355e66f59b0e609597795ee26803cb60316bd8bc,2025-12-02 17:33:23,0.0,1,1,1.885714773306e-06,0x0e331a293bb22e93e2e5e417d84d755ae185da02,0x9f8f72aa9304c8b593d555f12ef6589cc3a579a2,0
0xbd3d517dfa9ac94a789a7657dfaf742d2b0afbe9aaa5d74e35e6d0a523fe832c,2025-12-02 17:30:35,0.0,1,1,1.298545897292e-06,0xe4baf56063f6238210f45c160826e8a8cb2a8703,0x9f8f72aa9304c8b593d555f12ef6589cc3a579a2,0
0x3ab4dfc7470abe49a33195750c292d3d1761c28ae607da521e56b718ab4a1738,2025-12-02 17:25:35,0.0,1,1,9.8561558797905e-05,0x6f6c918c44fdfc744421a5a45c2f27b93a88cf3d,0x9f8f72aa9304c8b593d555f12ef6589cc3a579a2,0
0x448b914dcf4a957506f315f627e8c3b5e77ecfcde41b9d720ab84132e00e039a,2025-12-02 17:23:23,0.0,1,1,4.9643712547452e-05,0xa360cf44f65ef8a0223599b5a8210bc17fc89b10,0x9f8f72aa9304c8b593d555f12ef6589cc3a579a2,0
0x90832e6e0ab4230e88cf64039a946ce5418a885f0b0778087f1f112c4ed64815,2025-12-02 17:11:23,0.0,1,1,9.9076e-05,0x9e752fffb8826beac5de35b8a21ae746b61dc697,0x9f8f72aa9304c8b593d555f12ef6589cc3a579a2,0
0xf43c05916e8f8a72afe7510a30dbcaec17bd051f8bbb7bf6a43894c765bc392d,2025-12-02 17:06:47,0.0,1,1,2.7374769407535e-05,0x09d70f5685cdd09b8531d7aeab88f488ff2490f4,0x9f8f72aa9304c8b593d555f12ef6589cc3a579a2,0
0x6b5a09acec92f08a6ba8158cc2da9e769ba82276351cd07661f23e314db86e4d,2025-12-02 17:05:47,0.0,1,1,9.8506419259003e-05,0x51d302dc00d5c1e47988d47fecedfa347ab86bbd,0x9f8f72aa9304c8b593d555f12ef6589cc3a579a2,0
0x3fcafa578226fa1df86613980d482174ab4471eec3f5f00904840ea430bd45a8,2025-12-02 16:39:47,0.0,1,1,3.395189508396e-05,0x46271115f374e02b5afe357c8e8dad474c8de1cf,0x9f8f72aa9304c8b593d555f12ef6589cc3a579a2,0
0xd99749b581ea25f196d3df9e0abfd8c221f918175af4ddee03625170578dd053,2025-12-02 16:34:47,0.0,1,1,6.32914488646e-06,0x5ed762b7d0fbca9a56babd4c398492c47c47f7d1,0x9f8f72aa9304c8b593d555f12ef6589cc3a579a2,0
0xfac07f8b5a2736a55cd084d4c9f2f97edb819a04fe1a50f5a7c9fa8e55da8132,2025-12-02 16:15:23,0.0,1,1,5.1202709037207e-05,0xd9780800156bf6152bc1f0862da2d2e46fb810bb,0x9f8f72aa9304c8b593d555f12ef6589cc3a579a2,0
0x23854f80133b9ba46bc7c74add6536d9ee2cda0b8d5cb5c38b3b58fac27ba61d,2025-12-02 16:09:23,0.0,1,1,5.0871718961312e-05,0xc5dafd8ed2737660ceca0ec1c1a735d96fc8d595,0x9f8f72aa9304c8b593d555f12ef6589cc3a579a2,0
0x228c9f98675720b116a043a416f05cd5ecdb9d59831c9be4b641f6a2a85f256c,2025-12-02 16:03:47,0.0,1,1,2.595665532415e-06,0x09d70f5685cdd09b8531d7aeab88f488ff2490f4,0x9f8f72aa9304c8b593d555f12ef6589cc3a579a2,0
0x866ee0fd55ed53cb8640eec8e6693bd7d159fa948e56fb626904581e2956c3ad,2025-12-02 16:01:47,0.0,1,1,2.572914131255e-06,0x09d70f5685cdd09b8531d7aeab88f488ff2490f4,0x9f8f72aa9304c8b593d555f12ef6589cc3a579a2,0
0x43da520ac3a6030a6624a0b695b9a34c8c035500a27e730d38f04770e3540c22,2025-12-02 15:39:11,0.0,1,1,0.0001015869277794,0xc351a9d6337f919530df75e6518940077e865053,0x9f8f72aa9304c8b593d555f12ef6589cc3a579a2,0
0x9c9fc11d37fd78bbfe51206018eb9ef61e7ded12e36164c82a6e96311e1f2233,2025-12-02 15:37:35,0.0,1,1,6.625012524612e-06,0x9dbf2a1f3cc0a245c33321d05e2a87735df65452,0x9f8f72aa9304c8b593d555f12ef6589cc3a579a2,0
0x581cdeceb0ace45b9cba4cf2657255c1087ad15f03bc9dd991767df0f9de5151,2025-12-02 14:58:11,0.0,1,1,9.9325413167066e-05,0xd6d50f928f045a546eae196faa925aef7385f74f,0x9f8f72aa9304c8b593d555f12ef6589cc3a579a2,0
0x9f96b23b9e6fabf56eb08ec5bde04b8c516ca6db9951859802cc74ed912c3a02,2025-12-02 14:53:59,0.0,1,1,7.231715860676e-06,0x6cc84cdb779070902a56527e681898364dbf4f9a,0x9f8f72aa9304c8b593d555f12ef6589cc3a579a2,0
0xde8cede627e31920648145fad7afdf0e0119d14458b6aef1bf2ff428a4474a4c,2025-12-02 14:36:23,0.0,1,1,3.291941152843e-06,0x5ba260ca690454a63f4f8c88a9b19b30ad82bbed,0x9f8f72aa9304c8b593d555f12ef6589cc3a579a2,0
0xfc05454075af96fc1e3eb61b8fcb6d58380c3874e376820a6582c000c16cca27,2025-12-02 14:34:11,0.0,1,1,2.818152119398e-06,0xbe9dd94a74ad025b9a2d494e1de1485bc85557b1,0x9f8f72aa9304c8b593d555f12ef6589cc3a579a2,0
0x0082825cb06c812451f24685f3555e97e6a945a91ac635d52ca7b4c51a968bf0,2025-12-02 14:30:35,0.0,1,1,6.978292983852e-06,0xcbbc7edb043c18a0bd898ccf2d91089e42cefe8d,0x9f8f72aa9304c8b593d555f12ef6589cc3a579a2,0
0x3b7227d443c4faabc90c01907941963710d15d9695b2e84e19b4920561e8534c,2025-12-02 14:29:35,0.0,1,1,4.8385e-05,0xddc505c4ce0b834f4342288ab4e4ff2b7e4210b7,0x9f8f72aa9304c8b593d555f12ef6589cc3a579a2,0
0xe68bbdee1d6d354dd40cc52aa3d05a7bcccaf3b9788f5121094a00347e687e6e,2025-12-02 14:28:23,0.0,1,1,5.2200148138062e-05,0xcddd314c90f3240d0d4d91398f8ea27a9b96b3f9,0x9f8f72aa9304c8b593d555f12ef6589cc3a579a2,0
0xbe2c46f3e1c69bf24e5780ffd34dc8214d44a272830deaca100fd4bdd280689b,2025-12-02 14:24:59,0.0,1,1,0.000101264281407172,0x892f714533e31c3297222adb8304a8ed32b64573,0x9f8f72aa9304c8b593d555f12ef6589cc3a579a2,0
0x046c5d72960ed7813ec8e3c15e51c747c3cce24861744c344000892120d6108f,2025-12-02 14:17:35,0.0,1,1,1.6967733772e-06,0xdeb8a768b51a91968971432d8313f8aa2e68c6c4,0x9f8f72aa9304c8b593d555f12ef6589cc3a579a2,0
0x46eb5dbba8bd69278a66e9580321ba4b7cf850d67adb2ccdb3cd7ffc4b6c912c,2025-12-02 14:17:35,0.0,1,1,2.591540281072e-06,0xa292b7868be15ad40941129753dc5b36b65205ee,0x9f8f72aa9304c8b593d555f12ef6589cc3a579a2,0
0xd0c1517e63fa980b403382c00d0effc256edd44ca880921b36622599ea597a31,2025-12-02 14:17:35,0.0,1,1,0.000101714389947052,0xd20d28878e42374a963c77836bca0d7d83cbcda1,0x9f8f72aa9304c8b593d555f12ef6589cc3a579a2,0
0x618d5521e22eb4397d7730f4c741ef7f62501c8638f25b2b60828f32c8f55aee,2025-12-02 13:13:11,0.0,1,1,4.8373e-05,0xf0c045c58466027b6d733ad836041fc8cbc50bee,0x9f8f72aa9304c8b593d555f12ef6589cc3a579a2,0
0x135ac241c14c57cf89174ad9f9e8e8e64af1c03467845a752d474e61736b3ce1,2025-12-02 12:19:23,0.0,1,1,0.000131687622776802,0x87864a76b3065f0ce59e9d33738fff23868c4569,0x9f8f72aa9304c8b593d555f12ef6589cc3a579a2,0
0xb046a117c6e76d27159b7b41540ece5742cfe978f04d6561b22dc34349d56b3c,2025-12-02 12:05:35,0.0,1,1,5.7245551179861e-05,0xe52471842648394bffd60dde378de5b71d54719d,0x9f8f72aa9304c8b593d555f12ef6589cc3a579a2,0
0xde03b6593aa74dfdfbe1c243ee31d91e2b446fc2ef92e525c23ad349f3fa4eb3,2025-12-02 11:25:59,0.0,1,1,2.135074424486e-05,0xad55a57ea3d151180fbc1995d9bb1a3e94bfa946,0x9f8f72aa9304c8b593d555f12ef6589cc3a579a2,0
0x6cd2114b6a11ce340d0c5c2072f6041cc67c4a1ed2ae4a18065ab3aa94131d73,2025-12-02 11:12:47,0.0,1,1,4.0545081669734e-05,0xd5eb6361fd86b667c629970aa99ab346d6d91953,0x9f8f72aa9304c8b593d555f12ef6589cc3a579a2,0
0x882e3cf05f39be24afb47fd11bf49caaa8f605b4e064b87ec0198922d717f561,2025-12-02 10:55:47,0.0,1,1,2.5299405569979e-05,0x699f9bc9e0c59a7ba556e3387e718d6d4d1f63b5,0x9f8f72aa9304c8b593d555f12ef6589cc3a579a2,0
0x91d73a35df7483e6379a030175bc0ec8bf3d8eece5d9c240052cbbb234b44d0d,2025-12-02 10:55:11,0.0,1,1,2.2266367101341e-05,0x699f9bc9e0c59a7ba556e3387e718d6d4d1f63b5,0x9f8f72aa9304c8b593d555f12ef6589cc3a579a2,0
0xacf9748ad2edcac86e2720f68f1f0fb05b5460edb49708b2bfef7cad3bef626f,2025-12-02 10:09:59,0.0,1,1,9.6300841181419e-05,0x213e23e9f3622a8673fd0ef3e462eb9470c3e410,0x9f8f72aa9304c8b593d555f12ef6589cc3a579a2,0
0xe6369b769f0fc685ca2f039e85128f6128b644e9ae432d65e0fc1f4cf6fd78e6,2025-12-02 09:33:23,0.0,1,1,5.7643307079673e-05,0x23b43e9b0dfc1fe0a6bc586217dd242f353a6528,0x9f8f72aa9304c8b593d555f12ef6589cc3a579a2,0
0x07c03c095026b31b6eb0f759a7b25417bad638d2d61cc7c34b0cbe9881af4dcc,2025-12-02 09:32:35,0.0,1,1,1.5496160760794e-05,0xc7dddc45d2ca74cfe310441b47a8583380caace9,0x9f8f72aa9304c8b593d555f12ef6589cc3a579a2,0
0x3b15c0a6388985d770b161dcbae3ef83ee053253a47f2931d2e3b214b27a901d,2025-12-02 09:30:47,0.0,1,1,1.5032427751365e-05,0xc7dddc45d2ca74cfe310441b47a8583380caace9,0x9f8f72aa9304c8b593d555f12ef6589cc3a579a2,0
0x389c2cd994cd53c8849cdfb95e17dfd2497852d1f53b74cd05bba02b532aa476,2025-12-02 09:24:23,0.0,1,1,6.43147831545e-06,0x1dd123d7d927401572982eb2a14718e5726bb16d,0x9f8f72aa9304c8b593d555f12ef6589cc3a579a2,0
0x43addaa987ff387d49dca40e2fd066dbcd508165e38c546e022ae362e41635c5,2025-12-02 08:03:59,0.0,1,1,6.859572675796e-06,0x7f604d597c15b2e2f60dc645844f68b1d781b752,0x9f8f72aa9304c8b593d555f12ef6589cc3a579a2,0
0x46085b4c1f6f011962b98c695368e7a7e5b50aeec27e9c3e5f635551d27fc5db,2025-12-02 07:46:35,0.0,1,1,2.90382e-06,0x81fb0aa0ceeeba4ccafd0e67861de0b3174b0f5b,0x9f8f72aa9304c8b593d555f12ef6589cc3a579a2,0
0xadbf963465d3b5f06de5888bab16b8bc2c0402b3fff19bd862633725cf4a99c7,2025-12-02 07:39:11,0.0,1,1,9.903735864676e-05,0x2174e006549db46153bddf9004fe1b0927c8036d,0x9f8f72aa9304c8b593d555f12ef6589cc3a579a2,0
0x55898441b0153b569ebed786226497eef1a408abd16eb95c8e051294c89dca33,2025-12-02 07:32:11,0.0,1,1,9.9811418456706e-05,0xea83694b3eddbb5b3459d0b68fa08dc2825f7002,0x9f8f72aa9304c8b593d555f12ef6589cc3a579a2,0
0x7609b1dcf1fb9a0f2db3b0b9b621321263d3af17b0bcd38709f4f5ec83ecb18d,2025-12-02 07:30:47,0.0,1,1,4.924268492012e-06,0x20e2f0a2203df2f5e4e1820c22bab51c0febd543,0x9f8f72aa9304c8b593d555f12ef6589cc3a579a2,0
0x17058c4a373b0d49d245323cb6602ad7bab111c4392a4363d0e9c3e0fdb6ced8,2025-12-02 07:27:23,0.0,1,1,9.9316262833298e-05,0x2174e006549db46153bddf9004fe1b0927c8036d,0x9f8f72aa9304c8b593d555f12ef6589cc3a579a2,0
0x0af231793574c567914e2edc9e5dd93a8d89ef3ea2a8bf9eefab0ce22d2e12fc,2025-12-02 07:22:23,0.0,1,1,6.168904018462e-06,0x20e2f0a2203df2f5e4e1820c22bab51c0febd543,0x9f8f72aa9304c8b593d555f12ef6589cc3a579a2,0
0x21c6c0ace3ee007c62c89754f3ed8b01710a4bbc1407350b3c7b149f9e676496,2025-12-02 07:01:47,0.0,1,1,2.7158899324837e-05,0x20e2f0a2203df2f5e4e1820c22bab51c0febd543,0x9f8f72aa9304c8b593d555f12ef6589cc3a579a2,0
0x043d8d28b1abfcd78c3bb69fe503f3a1181b6e87cb2e34a88a770fdd7e76bb37,2025-12-02 06:19:47,0.0,1,1,2.41805e-06,0x4d5d29207684be34ca394a223c627bb4d9f4428e,0x9f8f72aa9304c8b593d555f12ef6589cc3a579a2,0
0x3d034b36556478e79bb0e35a96cf74de1fc27803c1acb16611f91bdf928348b6,2025-12-02 05:48:11,0.0,1,1,1.59627933688e-06,0xa0c1a0733375ff3a43690690bb4289a1a7b94e71,0x9f8f72aa9304c8b593d555f12ef6589cc3a579a2,0
0xf0570e73f871754b461f9257721983f8e7867c0647b8f2ac5b0039bf35a9863f,2025-12-02 04:31:23,0.0,1,1,7.129601245491e-06,0x60ba6877c0f188b196ba15927b01a0b6c076da27,0x9f8f72aa9304c8b593d555f12ef6589cc3a579a2,0
0xf8dd83d1cef128028cbbbab96ac912038771d56064b25e5b284f566ab60486f1,2025-12-02 04:31:11,0.0,1,1,2.272983756251e-06,0x60ba6877c0f188b196ba15927b01a0b6c076da27,0x9f8f72aa9304c8b593d555f12ef6589cc3a579a2,0
0x8bd22c95aeb17d86c31910bc1ecd37cbe506dc9f2287799f0593a32a81cb3f37,2025-12-02 04:15:59,0.0,1,1,1.563059963569e-06,0x052f2c970efc5226e2869dfcce4ca12985564342,0x9f8f72aa9304c8b593d555f12ef6589cc3a579a2,0
0xaa015a1aea78692a0cc1260d9ca67ec39e365a20e49900a01a6f39736e308b4c,2025-12-02 03:55:35,0.0,1,1,1.3658435182951e-05,0xe9a1347aad86bd39f6772d43955b90e7024b8835,0x9f8f72aa9304c8b593d555f12ef6589cc3a579a2,0
0xeb6cd13bf6fbbb1757a9ef7273adc20f68e9916bcc6d7c06fa6731b3e3c404bd,2025-12-02 03:43:35,0.0,1,1,0.00032558305707345,0x90861bbe3b8ce1ab0fb0b4959d919f1def281be6,0x9f8f72aa9304c8b593d555f12ef6589cc3a579a2,0
0xd330b97d300f82ea1200f0998b2347f6e679c0aa14ae80f75b18079e0900478d,2025-12-02 03:09:23,0.0,1,1,6.4876e-05,0x6733b73950bfa4481b7a69d90f4381fceb80da14,0x9f8f72aa9304c8b593d555f12ef6589cc3a579a2,0
0x5ab868862759e944606f63e70a40b853eaaaa3888c47f719b33bf476ec78e245,2025-12-02 01:51:23,0.0,1,1,2.800474886928e-06,0xd49347417b524bb66577569cfe93b0c56eeb3027,0x9f8f72aa9304c8b593d555f12ef6589cc3a579a2,0
0xb507029c60c3ad464a212608fd1536534fc8799505ae8dff8ea9a922a60124ad,2025-12-02 01:03:47,0.0,1,1,2.036095997068e-06,0x7f604d597c15b2e2f60dc645844f68b1d781b752,0x9f8f72aa9304c8b593d555f12ef6589cc3a579a2,0
0xe00541db4c706b30468aba59c67876bc5f76429d347553d4b89936559b64139e,2025-12-02 00:36:47,0.0,1,1,1.610356809438e-06,0x2bd5c88b0922c8923257b0d455f916b529b03a12,0x9f8f72aa9304c8b593d555f12ef6589cc3a579a2,0
0x8787fa00e80102a8459bbfb982d4f8761bdd681480062ce844aa4b1cb11c8c0c,2025-12-02 00:31:47,0.0,1,1,1.85658007545e-06,0xb23360ccdd9ed1b15d45e5d3824bb409c8d7c460,0x9f8f72aa9304c8b593d555f12ef6589cc3a579a2,0
0x5d53cc88c05cd120ef155bb3dc210cdead83ae1b7c53afea1e3b854b05bd936d,2025-12-01 22:32:23,0.0,1,1,7.5655152553114e-05,0xbfdd0e744723192f7880493b66501253c34e1241,0x9f8f72aa9304c8b593d555f12ef6589cc3a579a2,0
0x42debdcf6854359f62978a1a4d33d828d5e66f2324fe33c4709d35c9b01c650b,2025-12-01 22:15:59,0.0,1,1,5.95152077962e-06,0x1e54f3609690815ea3d0c8a4f0d707ea7ec779e2,0x9f8f72aa9304c8b593d555f12ef6589cc3a579a2,0
0x90be4aab9956f97f652108e8e4c368fd0da1bd35abe80e7711588329d1da4c7a,2025-12-01 21:10:59,0.0,1,1,1.701657149596e-06,0x9fb1d4ea934351fb1ead16667f70a4f5746b30b1,0x9f8f72aa9304c8b593d555f12ef6589cc3a579a2,0
0xc8d07cf27c67728d386c98666ea709e367bb97aae0f79a982cbec3f12c388ad9,2025-12-01 20:13:59,0.0,1,1,2.193608971382e-06,0x9a12618772fcb61cd8770800e01426674dce3430,0x9f8f72aa9304c8b593d555f12ef6589cc3a579a2,0
0x71fc2691aebe7385c2559471d52ea47982936b4943ea1e8e20a58db322cbf978,2025-12-01 20:12:59,0.0,1,1,2.337809730038e-06,0x487c9cdbfa33b7440456b157618a0233a72c8aac,0x9f8f72aa9304c8b593d555f12ef6589cc3a579a2,0
0x8717a29a17d18239d789c301d9739367b8f89624f835c22cf9bf31b349f5173a,2025-12-01 19:37:23,0.0,1,1,1.76805481344e-06,0xc6650d12dc00fa35a31ae3284ca8381ad91caf7f,0x9f8f72aa9304c8b593d555f12ef6589cc3a579a2,0
0x4d230c14c5c8f86b51a86fba17fc350dfe2bec06e6bc53bb9ff724fae2775029,2025-12-01 19:25:35,0.0,1,1,1.582288690719e-06,0x44c830b3dba3a4c61032bbf0200bd6cc958703a7,0x9f8f72aa9304c8b593d555f12ef6589cc3a579a2,0
0x1661a94f6343f86697de1eebc95ae903b08e4ca6d1188a9d7a68c06574352335,2025-12-01 19:07:35,0.0,1,1,6.666084689212e-06,0xb72682a59dc6665afa4f0101c85df0c8fbc59156,0x9f8f72aa9304c8b593d555f12ef6589cc3a579a2,0
0x2aecfbdbbc477ea26ad2522e9052309e6b00cad564ae2fbd01b3f568772ea196,2025-12-01 18:16:35,0.0,1,1,5.0211538653898e-05,0x18c9671082016908a4e0f6d959f62992f494b0ec,0x9f8f72aa9304c8b593d555f12ef6589cc3a579a2,0
0x4c842e49f807f8909e9e10bc1108b2dee9ebe34ea8904b3e201859fcae817086,2025-12-01 18:04:35,0.0,1,1,0.00010087618639869,0x4698868fce8cbc426ecbf84b5743641d500c7c1a,0x9f8f72aa9304c8b593d555f12ef6589cc3a579a2,0
0x1f18ae9ed5582563fc3053737bef50a3e542d60b64ca108bcba25557d39232cf,2025-12-01 17:56:59,0.0,1,1,9.8501831592853e-05,0x9fe62af23e426616d9a447ebb996e61b1d44e5ae,0x9f8f72aa9304c8b593d555f12ef6589cc3a579a2,0
0x101c39092992144d92082f340e9cfcb7e9686105abfa197d509220d75dec6501,2025-12-01 16:54:59,0.0,1,1,3.38393778371e-05,0x698f8b3f7d8624c96861f54b1fcdd3ce89c6f1ee,0x9f8f72aa9304c8b593d555f12ef6589cc3a579a2,0
0xf0388129e8c8af3bfac53fc2f588ecea78d53073015394f6c2bcbb32df77f30a,2025-12-01 16:36:35,0.0,1,1,7.915626898683e-06,0xa8b2e3f6c899532f4de4310eb53a4c5d39c460c2,0x9f8f72aa9304c8b593d555f12ef6589cc3a579a2,0
0xd449ca4e38dda1e9c3d78571a5ef3ad12ead5f4c004c801b191f2420d5b568c5,2025-12-01 16:36:35,0.0,1,1,5.7811390756086e-05,0x698f8b3f7d8624c96861f54b1fcdd3ce89c6f1ee,0x9f8f72aa9304c8b593d555f12ef6589cc3a579a2,0
0x54fc72f7d36250683ecabf0842f894832d5050c0f17a5f648fa6c104b5e08109,2025-12-01 12:48:11,0.0,1,1,1.1264323814377e-05,0x8414b44ba6268ff66a2de5ab97237e47d9110b37,0x9f8f72aa9304c8b593d555f12ef6589cc3a579a2,0
0xbb36ff22dfea1ed04b8da37d40102bba8ed4f33d792ce33e7c1cbfbbc0a2062c,2025-12-01 12:11:23,0.0,1,1,6.4645456328882e-05,0x094bfe67fa6a6f29e5b539b7571ef70a26c28457,0x9f8f72aa9304c8b593d555f12ef6589cc3a579a2,0
0xed8b8db2dd2146d52359c9ffe35af5ffa31943fa41b007dc0d5b5ddbe80b842a,2025-12-01 12:09:59,0.0,1,1,9.91e-05,0x86d4ffd069ecb9a089cebfb627c8aedabee8d462,0x9f8f72aa9304c8b593d555f12ef6589cc3a579a2,0
0x2e9e70e677add8579e6e428537325fdeabac854e376ebcc0bbc85d855ea07961,2025-12-01 11:31:35,0.0,1,1,0.000121450053562552,0xa9b9a7a49f87fde34bdb6d715ecf5305fda5e0ba,0x9f8f72aa9304c8b593d555f12ef6589cc3a579a2,0
0x4e0235530dbb8d55eb3cdc8bb1a623dd77742690212c1840cd9213d703370339,2025-12-01 11:20:11,0.0,1,1,5.5062609751552e-05,0x3074601bb1f3f0fea734c26d684ba9fd2c2871fa,0x9f8f72aa9304c8b593d555f12ef6589cc3a579a2,0
0x5c547da9a197b21f5a3c66cfe6028c2e2ccbfe84f41a35dcd52d78b1cd293b77,2025-12-01 10:48:59,0.0,1,1,0.000133844315314,0xa13c805ca0a8bdd33c6f10e8c0e8dee1ef01b5f3,0x9f8f72aa9304c8b593d555f12ef6589cc3a579a2,0
0x20eeec4b54d7212ee4567076077174fb1ee8b59d6b5d91bdb95fb41c4a041837,2025-12-01 09:35:11,0.0,1,1,6.6172111835145e-05,0x119a75b3d78f58fbb5a936335edb48e832d8aa30,0x9f8f72aa9304c8b593d555f12ef6589cc3a579a2,0
0x4b8747c7e67fc283c9237fbb81cec152a2135cbe7f150352106a16dae1efaf3c,2025-12-01 09:35:11,0.0,1,1,3.8844525193605e-05,0x119a75b3d78f58fbb5a936335edb48e832d8aa30,0x9f8f72aa9304c8b593d555f12ef6589cc3a579a2,0
0x79dc10a8298c97e06f957df45aeffdea5a5f4ee134ca405a162d8a93f4ec5d8b,2025-12-01 08:19:23,0.0,1,1,4.0184917019862e-05,0xb3e17c65326f9c390696c65b9003bec0b1441826,0x9f8f72aa9304c8b593d555f12ef6589cc3a579a2,0
0x109de48dba7e3775fd45f5c30dd7fbfa61afeb98f003baf38d665b1de933a9c0,2025-12-01 08:16:11,0.0,1,1,3.5324823033374e-05,0x989291141c5fe2ebbdf0190cfc85cf38c3b604cf,0x9f8f72aa9304c8b593d555f12ef6589cc3a579a2,0
0xecb6dd2a226026e54a4fb85a438826031ffa596cc226924c5a804e8903a69da4,2025-12-01 08:08:11,0.0,1,1,1.1860683151174e-05,0x7f604d597c15b2e2f60dc645844f68b1d781b752,0x9f8f72aa9304c8b593d555f12ef6589cc3a579a2,0
0x718d42e4e6bcacd6774f7e301f330aa08f030e2dd09ba5c32b9bbc2137e46541,2025-12-01 06:21:23,0.0,1,1,1.4156432461336e-05,0xb8f3cd5a05516ba0a88876ebcc6e00676eacb17d,0x9f8f72aa9304c8b593d555f12ef6589cc3a579a2,0
0x8134338325424392be9b5317dbe4916b2644ac3c3a0ace3e90b8f06d06636d68,2025-12-01 04:31:23,0.0,1,1,5.0156577184701e-05,0xb0488b83d39ddf0c923960f9b8ab81943f49f4a8,0x9f8f72aa9304c8b593d555f12ef6589cc3a579a2,0
0x415a390f43a96fe8046beecf1858d85fac83b7929b04c30fbe5f2fa4fecb180c,2025-12-01 04:30:11,0.0,1,1,7.575991143546e-06,0x8c494b30887a6b072006f98a701d0eed727f61d7,0x9f8f72aa9304c8b593d555f12ef6589cc3a579a2,0
0x0bca79c8e58f4ef96e4986783bbd37b9594647f753ea40b010f5711589da2000,2025-12-01 04:20:11,0.0,1,1,2.677129722796e-06,0xec9ed7a1517e73e10b125b96bc8ac15d3dd8a9eb,0x9f8f72aa9304c8b593d555f12ef6589cc3a579a2,0
0xd8853797f8bdac5ceeb63abd67bf93ac330d0e87286d537b08eb0384effc3b86,2025-12-01 04:09:35,0.0,1,1,9.185184866429e-06,0xad55a57ea3d151180fbc1995d9bb1a3e94bfa946,0x9f8f72aa9304c8b593d555f12ef6589cc3a579a2,0
0x4ee82803ef2e9f6732590995e79f68b9198de81f4139b442ebc2ba295a4ca241,2025-12-01 03:31:35,0.0,1,1,1.1574771536742e-05,0xca39d0cc9e9b9c6bd1a5e81f5973c0877983fb9a,0x9f8f72aa9304c8b593d555f12ef6589cc3a579a2,0
0x4611f6af2d350e00f9b0283e6120ea32399fa3abc3a5f0e5b58a4eb33446cc87,2025-12-01 03:14:47,0.0,1,1,3.024299308882e-06,0xf306d31a3d2af6fce99e64a6bc1d70b39048a928,0x9f8f72aa9304c8b593d555f12ef6589cc3a579a2,0
0x8a734720aa22e58710c00e8bdace07dbb02ca59a44d68850ba047f9e035e4621,2025-12-01 03:13:35,0.0,1,1,1.3036965850019e-05,0xf306d31a3d2af6fce99e64a6bc1d70b39048a928,0x9f8f72aa9304c8b593d555f12ef6589cc3a579a2,0
0x96f68157872ec90a055f4a5af4b05286ec7ab3ae64a8e154c263cd5dfc8e8be6,2025-12-01 03:10:59,0.0,1,1,1.6874612328225e-05,0x5b335b64320934d7761c69420ea30a59f8bf3b29,0x9f8f72aa9304c8b593d555f12ef6589cc3a579a2,0
0x9104af49ebb3a4d8c34e5692ec44e7f1e68a21f13a8b365ddc13368a7e7b7d62,2025-12-01 01:45:35,0.0,1,1,9.9052e-05,0x6733b73950bfa4481b7a69d90f4381fceb80da14,0x9f8f72aa9304c8b593d555f12ef6589cc3a579a2,0
0xa59d0c74b2ccbb6845eb661290a11db0d57d2685ba175b6844991b50f258484a,2025-12-01 01:02:47,0.0,1,1,3.79016856112e-06,0x7f604d597c15b2e2f60dc645844f68b1d781b752,0x9f8f72aa9304c8b593d555f12ef6589cc3a579a2,0
0x8ebec8f4d374bfec9c9984e097d2d5ffeb90a7c2de0a28362e18f99ff5a14804,2025-12-01 00:25:59,0.0,1,1,5.861361761836e-06,0xd49347417b524bb66577569cfe93b0c56eeb3027,0x9f8f72aa9304c8b593d555f12ef6589cc3a579a2,0
0xb76aeb95f9849be0442076e33eea4df54da811ff695c095e9b426764787b2659,2025-12-01 00:16:47,0.0,1,1,1.730309385784e-06,0x26eaf148aaa9e2cc408c33e2a2717f421b037b12,0x9f8f72aa9304c8b593d555f12ef6589cc3a579a2,0
0x74fc34016c2111e06960de463c868d300413cd1bf5e5745013c281e93cd32049,2025-12-01 00:15:11,0.0,1,1,1.891335839516e-06,0x26eaf148aaa9e2cc408c33e2a2717f421b037b12,0x9f8f72aa9304c8b593d555f12ef6589cc3a579a2,0
0x7d96282aee20af36412298a48f1d65fe915e26d99fc599df01e55911df95ba85,2025-12-01 00:14:11,0.0,1,1,2.481063586125e-06,0x60049aceff37517c0434d9507767c30756a7513c,0x9f8f72aa9304c8b593d555f12ef6589cc3a579a2,0
0x45947e147a4711fb2f9ced11e6dafd9fdc70427b2906f5e73036c0b4e986d3a5,2025-12-01 00:08:23,0.0,1,1,2.678821429673e-06,0x26eaf148aaa9e2cc408c33e2a2717f421b037b12,0x9f8f72aa9304c8b593d555f12ef6589cc3a579a2,0
0xc440367c4da0006c0281945d9cf7e8b4bc087a617d792f146ba28c3b4f5cdbef,2025-12-01 00:07:59,0.0,1,1,2.641910328845e-06,0x6e8ac8fd0d82a58e0a9834f92845baf614dbad0e,0x9f8f72aa9304c8b593d555f12ef6589cc3a579a2,0
0xd0213738470a0791bd8bb2572c6b420c2f537c3ba298b015ec70f9ea1d0d13a3,2025-12-01 00:07:47,0.0,1,1,2.42772552244e-06,0xaba653adc9f66f09be316fa40a7bdc1cd2137ad0,0x9f8f72aa9304c8b593d555f12ef6589cc3a579a2,0
0x8dc5694d7a78adf5203e55c7af98be62fe6b44dcc580d30f0181765943d6afd6,2025-11-30 18:35:35,0.0,1,1,5.24919142129e-05,0x6982083368d7ec9188da4e89b40428c93686e717,0x9f8f72aa9304c8b593d555f12ef6589cc3a579a2,0
0xa58e498d7ff25b593923f9a963ea0c7069ff2bf3465452587c48f6acfdb96c76,2025-11-30 18:24:23,0.0,1,1,5.48976746235e-06,0x204a694b87f3b237fda17e161d5541e36b5cec41,0x9f8f72aa9304c8b593d555f12ef6589cc3a579a2,0
0x2d475100e5a29a9451b4586ceb4babdc06304d3296fcab75786a84d29e128a18,2025-11-30 18:04:11,0.0,1,1,3.4023024783e-05,0xba8aeb524794919ae496075d94d3cb7308c05ab5,0x9f8f72aa9304c8b593d555f12ef6589cc3a579a2,0
0x34f93bc825471fa6655ceebc773112eb3d7cf8394cab8427a9cef0e1182102f5,2025-11-30 18:04:11,0.0,1,1,3.4023024783e-05,0xb098300b7f94178fd13ee767985a8a5c95fb82e5,0x9f8f72aa9304c8b593d555f12ef6589cc3a579a2,0
0x5ee98160951d5364cd5c0e6d22b36b4bea3893305fe535e651d12b050928d9dc,2025-11-30 18:04:11,0.0,1,1,3.403560648708e-05,0x599a599141ce1dfbbedf6ab1ead82aa6fc49dce5,0x9f8f72aa9304c8b593d555f12ef6589cc3a579a2,0
0x9b0cd8eb240686b3b9e614b315d5ca891b5260a748905c4f86ecc8bfd1a14338,2025-11-30 18:01:23,0.0,1,1,3.402085663625e-05,0x2760119434de7bd4eb1e3c9e2349d761b5ea6bd3,0x9f8f72aa9304c8b593d555f12ef6589cc3a579a2,0
0x6f673008c2a1258c4c61667612c3c5c3a73999b4730f2e922d81a26d5009ba50,2025-11-30 17:45:23,0.0,1,1,5.0988623518196e-05,0xa95f33d5470b7183bc1249de78973cd099bcca51,0x9f8f72aa9304c8b593d555f12ef6589cc3a579a2,0
0x4b81ad5bbae918963481086ed302968eeed2c33a4b518a2e4528d44bed23829d,2025-11-30 17:22:47,0.0,1,1,3.580361030596e-06,0x26b67819fc7176f9d50996eb1590a5df61bd96b3,0x9f8f72aa9304c8b593d555f12ef6589cc3a579a2,0
0xe4647693e63b2c82627819fdb172ecf0b1d5b01a630adf023f7b8feb7c70fda2,2025-11-30 17:04:35,0.0,1,1,3.341389501567e-06,0x23a4e0d6024abee80af9e0cfcec15a2613070108,0x9f8f72aa9304c8b593d555f12ef6589cc3a579a2,0
0xe6b62a57e4f23dcd795c6bedf584f8605f73cbf3d34370e3f43b19ef79b2d0ff,2025-11-30 17:04:35,0.0,1,1,1.961471155683e-06,0x23a4e0d6024abee80af9e0cfcec15a2613070108,0x9f8f72aa9304c8b593d555f12ef6589cc3a579a2,0
0xc16fbdf7560ba8b70e7c93a9ed465670b2c7859f2ce350a0578452c01518c42d,2025-11-30 16:18:23,0.0,1,1,2.746077523658e-06,0x16e078837cfeae837391100009da5b03763c0f4a,0x9f8f72aa9304c8b593d555f12ef6589cc3a579a2,0
0xc5cd715923b4454ff53cd0107c4acb85885252121d93c362c2942e4894104e3b,2025-11-30 16:12:59,0.0,1,1,4.730223860004e-06,0x16e078837cfeae837391100009da5b03763c0f4a,0x9f8f72aa9304c8b593d555f12ef6589cc3a579a2,0
0xc5e09622dc49e8cad1e5ef7912dae25e73c936c15a69c06dbfb18a476908e771,2025-11-30 15:45:11,0.0,1,1,7.6525070997872e-05,0x0ae9e4b8a2ceae36539f9f5b919ca44aba733b30,0x9f8f72aa9304c8b593d555f12ef6589cc3a579a2,0
0xe526a246424f9e026cf2fa5ddae1f3511aee06f612aafa769468fd2dc7dc8229,2025-11-30 15:44:35,0.0,1,1,0.000111662810539176,0x0ae9e4b8a2ceae36539f9f5b919ca44aba733b30,0x9f8f72aa9304c8b593d555f12ef6589cc3a579a2,0
0x5f510406c3c1c36ec0f3201ca04142a5ecedf9b653b2280efda16a1a380c190e,2025-11-30 14:21:23,0.0,1,1,7.361052570832e-06,0x600534d91aa307b36bbc1b36973cb7d58754a549,0x9f8f72aa9304c8b593d555f12ef6589cc3a579a2,0
0x55158fe233011bc575054ee22a83ba0b4532a3f786bc572476a203de87d48f03,2025-11-30 14:11:11,0.0,1,1,0.00016217864637645,0x608a73bec7b4e9c07e75824f1bb0fea16d0b4138,0x9f8f72aa9304c8b593d555f12ef6589cc3a579a2,0
0x8ee7ccd5fb0c5b9195e3884804c4d6ea01b5caddac7da914f35929b11696f9fb,2025-11-30 14:10:11,0.0,1,1,6.49e-05,0x6770e6072f341fa4de1f83354a4115baa28712fd,0x9f8f72aa9304c8b593d555f12ef6589cc3a579a2,0
0xeab8176d9e20589ec84c2ee16a8403cc4076750664e7b9b539d78555e857e449,2025-11-30 14:09:35,0.0,1,1,0.00027175,0x608a73bec7b4e9c07e75824f1bb0fea16d0b4138,0x9f8f72aa9304c8b593d555f12ef6589cc3a579a2,0
0xa576bc0264e8436e813a03c3cde25205c5cc28fcce1b57eed4c929a7186ebc6c,2025-11-30 13:32:23,0.0,1,1,2.658887257192e-06,0x7b772c2e367607c6a9f21c3e792b63be1dbc0eb6,0x9f8f72aa9304c8b593d555f12ef6589cc3a579a2,0
0x697f9b96c9f4d82a640b9385f05c6225b8fef5ffc8eebf1d872c5ec8306dc35c,2025-11-30 13:03:35,0.0,1,1,9.8687354669231e-05,0xc8afb3e389c2693e588bb716d37cf1b53179506f,0x9f8f72aa9304c8b593d555f12ef6589cc3a579a2,0
0x4c601043784ce7ccbe70854eb5ab0e8622fd1e2228dd434417322270c65786fe,2025-11-30 12:58:23,0.0,1,1,4.153674733362e-06,0x8036776d6e2ca70cfc28b7a48ce0d6b337355be6,0x9f8f72aa9304c8b593d555f12ef6589cc3a579a2,0
0x47066e7a5fca68a90d3ba15f4c8f9572b38a2bb4aaccbc4728a4e5833bb84127,2025-11-30 12:41:47,0.0,1,1,9.8474483216505e-05,0xc8afb3e389c2693e588bb716d37cf1b53179506f,0x9f8f72aa9304c8b593d555f12ef6589cc3a579a2,0
0x0301a34b1ff79bd9cb2906e821b43cf1b9547549e6b3643ca843d6a8c799730a,2025-11-30 12:35:47,0.0,1,1,2.053611141386e-06,0x1bd0cae99b90b439fefeefbbceec95589991bf06,0x9f8f72aa9304c8b593d555f12ef6589cc3a579a2,0
